hero-event-stage	12	https://soharon.co.uk/ab-production/wp-content/uploads/2026/10/ab-hero-event-stage.jpg
about-conference-hall	13	https://soharon.co.uk/ab-production/wp-content/uploads/2026/10/ab-about-conference-hall.jpg
why-camera-bokeh	14	https://soharon.co.uk/ab-production/wp-content/uploads/2026/10/ab-why-camera-bokeh.jpg
service-events-production	15	https://soharon.co.uk/ab-production/wp-content/uploads/2026/10/ab-service-events-production.jpg
service-interior-fitouts	16	https://soharon.co.uk/ab-production/wp-content/uploads/2026/10/ab-service-interior-fitouts.jpg
service-rental	17	https://soharon.co.uk/ab-production/wp-content/uploads/2026/10/ab-service-rental.jpg
service-printing	18	https://soharon.co.uk/ab-production/wp-content/uploads/2026/10/ab-service-printing.jpg
service-cleaning	19	https://soharon.co.uk/ab-production/wp-content/uploads/2026/10/ab-service-cleaning.jpg
service-landscape	20	https://soharon.co.uk/ab-production/wp-content/uploads/2026/10/ab-service-landscape.jpg
hero-exhibition-stand	21	https://soharon.co.uk/ab-production/wp-content/uploads/2026/10/ab-hero-exhibition-stand.jpg
hero-concert-crowd	22	https://soharon.co.uk/ab-production/wp-content/uploads/2026/10/ab-hero-concert-crowd.jpg
hero-event-stage-screens	23	https://soharon.co.uk/ab-production/wp-content/uploads/2026/10/ab-hero-event-stage-screens.jpg
location-av-control	24	https://soharon.co.uk/ab-production/wp-content/uploads/2026/10/ab-location-av-control.jpg
